[{"authLevel":0,"authorizedUseType":1,"belongType":0,"config":"{\"accessId\":\"\",\"accessKey\":\"\",\"category\":\"cloud\",\"mcqa\":\"false\"}","connStr":"http://service.odps.aliyun.com/api","creatorId":"656f326d32bc44e9a9909d9f3b847862","dsCreateOrigin":1,"dsId":"08e9860c-e9d1-497f-893c-65feed8e83cf","dsType":"ODPS","gmtCreate":1614662342000,"gmtModified":1640152372000,"id":152621,"instance":"bees_cloud_cdm","isOwner":0,"modifyUser":"9449400de02a4ea3948721966215c09b","password":"","project":"bees_cloud_cdm","showName":"cdm","userName":"","version":"RSA","workspaceId":"7a2103c4-a7d6-40f0-830e-7b44442056e4"},{"authLevel":0,"authorizedUseType":1,"belongType":0,"config":"{\"accessId\":\"\",\"accessKey\":\"\",\"category\":\"cloud\",\"mcqa\":\"false\"}","connStr":"http://service.odps.aliyun.com/api","creatorId":"656f326d32bc44e9a9909d9f3b847862","dsCreateOrigin":1,"dsId":"c7539483-8704-4878-a406-92dd59f237e2","dsType":"ODPS","gmtCreate":1614079269000,"gmtModified":1640152357000,"id":152092,"instance":"bees_cloud_ads","isOwner":0,"modifyUser":"9449400de02a4ea3948721966215c09b","password":"","project":"bees_cloud_ads","showName":"ads","userName":"","version":"RSA","workspaceId":"7a2103c4-a7d6-40f0-830e-7b44442056e4"}]