[{"childNode":[],"directory":true,"name":"DATA_PRODUCT_DIRECTORY","type":"DATAPRODUCT_DIRECTORY"},{"childNode":[{"authLevel":0,"directory":false,"gmtCreate":1616583488000,"gmtModified":1638871311000,"id":"3fefd9de-ac69-40a4-a622-eff8bc2d1cf1","modifyUserName":"656f326d32bc44e9a9909d9f3b847862","name":"先蜂购_湖南顺兴订单数据明细","ownerId":"656f326d32bc44e9a9909d9f3b847862","ownerName":"elmo_zhang","publishStatus":1,"shareToWorkspace":1,"subType":1,"type":"PAGE","version":"4.1.2","workspaceId":"7a2103c4-a7d6-40f0-830e-7b44442056e4"},{"authLevel":0,"directory":false,"gmtCreate":1615954421000,"gmtModified":1626070041000,"id":"159675b0-5df4-4fa8-be8b-b24dce43f042","modifyUserName":"656f326d32bc44e9a9909d9f3b847862","name":"bees宽表","ownerId":"656f326d32bc44e9a9909d9f3b847862","ownerName":"elmo_zhang","publishStatus":1,"shareToWorkspace":1,"subType":1,"type":"PAGE","version":"4.0","workspaceId":"7a2103c4-a7d6-40f0-830e-7b44442056e4"},{"authLevel":0,"directory":false,"gmtCreate":1617347817000,"gmtModified":1626068447000,"id":"5b205825-4b27-4978-9ead-4ebd20ce82b9","modifyUserName":"656f326d32bc44e9a9909d9f3b847862","name":"浙江省注册审核通过poc","ownerId":"656f326d32bc44e9a9909d9f3b847862","ownerName":"elmo_zhang","publishStatus":1,"shareToWorkspace":1,"subType":1,"type":"PAGE","version":"4.0","workspaceId":"7a2103c4-a7d6-40f0-830e-7b44442056e4"},{"authLevel":0,"directory":false,"gmtCreate":1617347984000,"gmtModified":1626068406000,"id":"23e8efe6-5e61-4424-aa48-4512ac40b978","modifyUserName":"656f326d32bc44e9a9909d9f3b847862","name":"湖南省注册审核通过poc","ownerId":"656f326d32bc44e9a9909d9f3b847862","ownerName":"elmo_zhang","publishStatus":1,"shareToWorkspace":1,"subType":1,"type":"PAGE","version":"4.0","workspaceId":"7a2103c4-a7d6-40f0-830e-7b44442056e4"},{"authLevel":0,"directory":false,"gmtCreate":1620791841000,"gmtModified":1626068044000,"id":"e20cba8d-191b-47c6-8b2e-ca6983745206","modifyUserName":"656f326d32bc44e9a9909d9f3b847862","name":"长沙售点信息表","ownerId":"656f326d32bc44e9a9909d9f3b847862","ownerName":"elmo_zhang","publishStatus":1,"shareToWorkspace":1,"subType":1,"type":"PAGE","version":"4.0","workspaceId":"7a2103c4-a7d6-40f0-830e-7b44442056e4"},{"authLevel":0,"directory":false,"gmtCreate":1619769319000,"gmtModified":1626067716000,"id":"d90997a0-2e01-4619-9029-6cb56014ec30","modifyUserName":"656f326d32bc44e9a9909d9f3b847862","name":"注册审核通过","ownerId":"656f326d32bc44e9a9909d9f3b847862","ownerName":"elmo_zhang","publishStatus":1,"shareToWorkspace":1,"subType":1,"type":"PAGE","version":"4.0","workspaceId":"7a2103c4-a7d6-40f0-830e-7b44442056e4"},{"authLevel":0,"directory":false,"gmtCreate":1614083411000,"gmtModified":1618295725000,"id":"fcf89b96-1af6-49bd-93c1-bc2d7ec116b8","modifyUserName":"656f326d32bc44e9a9909d9f3b847862","name":"QMS酒龄分析","ownerId":"656f326d32bc44e9a9909d9f3b847862","ownerName":"elmo_zhang","publishStatus":1,"shareToWorkspace":1,"subType":1,"type":"PAGE","version":"3.11.1","workspaceId":"7a2103c4-a7d6-40f0-830e-7b44442056e4"},{"authLevel":0,"directory":false,"gmtCreate":1616665814000,"gmtModified":1616667454000,"id":"115e65ec-9941-490f-9e4e-94a587a168db","modifyUserName":"656f326d32bc44e9a9909d9f3b847862","name":"长沙sku数量汇总","ownerId":"656f326d32bc44e9a9909d9f3b847862","ownerName":"elmo_zhang","publishStatus":1,"shareToWorkspace":1,"subType":1,"type":"PAGE","version":"3.11.1","workspaceId":"7a2103c4-a7d6-40f0-830e-7b44442056e4"},{"authLevel":0,"directory":false,"gmtCreate":1615254746000,"gmtModified":1615254746000,"id":"074dfdb1-8953-4847-85aa-c6aedddbde5d","modifyUserName":"656f326d32bc44e9a9909d9f3b847862","name":"仪表盘DEMO_2021_03_09_09_52_26_650","ownerId":"656f326d32bc44e9a9909d9f3b847862","ownerName":"elmo_zhang","publishStatus":1,"shareToWorkspace":1,"subType":1,"type":"PAGE","version":"3.8.2","workspaceId":"7a2103c4-a7d6-40f0-830e-7b44442056e4"},{"authLevel":0,"directory":false,"gmtCreate":1614929842000,"gmtModified":1615191978000,"id":"7b3e1007-6f84-4916-92d9-daf9cebcd3d5","modifyUserName":"656f326d32bc44e9a9909d9f3b847862","name":"bees运营","ownerId":"656f326d32bc44e9a9909d9f3b847862","ownerName":"elmo_zhang","publishStatus":1,"shareToWorkspace":1,"subType":1,"type":"PAGE","version":"3.11.1","workspaceId":"7a2103c4-a7d6-40f0-830e-7b44442056e4"},{"authLevel":0,"directory":false,"gmtCreate":1614663313000,"gmtModified":1614668373000,"id":"31bc18c4-820a-44ae-a5c5-3a5023ad0d0b","modifyUserName":"656f326d32bc44e9a9909d9f3b847862","name":"ignite/region","ownerId":"656f326d32bc44e9a9909d9f3b847862","ownerName":"elmo_zhang","publishStatus":1,"shareToWorkspace":1,"subType":1,"type":"PAGE","version":"3.11.0","workspaceId":"7a2103c4-a7d6-40f0-830e-7b44442056e4"}],"directory":true,"name":"PAGE_DIRECTORY","type":"PAGE_DIRECTORY"},{"childNode":[],"directory":true,"name":"REPORT_DIRECTORY","type":"REPORT_DIRECTORY"},{"childNode":[],"directory":true,"name":"DASHBOARD_OFFLINE_QUERY_DIRECTORY","type":"DASHBOARD_OFFLINE_QUERY_DIRECTORY"},{"childNode":[],"directory":true,"name":"DATA_FORM_DIRECTORY","type":"DATAFORM_DIRECTORY"}]